pk,username,full_name,follower_count,following_count,account_type,is_private,biography,is_business,category,contact_phone_number,address_street,public_email,zip,city_name,usertags_count,media_count,is_verified,external_url,latitude,longitude,is_potential_business,public_phone_country_code,whatsapp_number
72355521400,mshllh7392,ماشاءالله,11,25,2,False,,True,Artist,+989010350195,,mashaallhadhrbk@gmail.com,,,,3,False,,0.0,0.0,False,98,
70886247615,arazleather.ir,آراز چرم,13,12,2,False,"تک فروشی و عمده فروشی محصولات چرمی
( خاص بودن با ریشه ای باستانی)",True,Entrepreneur,+989122773771,,araz.leather.tabriz@gmail.com,,,,1,False,,0.0,0.0,False,98,
71903708883,mobinali2742,Mobin As Ali,10,53,3,False,science,False,Musician/band,+923132138343,,mobinali11m@gmail.com,,,,2,False,http://httpswww.aliasdomin.com/,,,False,92,
67582259198,almrrhlt021gmail.com5,زهرة العمر,18,165,2,False,000,True,Shopping & retail,+962792918719,,almrrhlt021@gmail.com,,,,0,False,,0.0,0.0,False,962,
8095786118,power_cell228,Amir Mahmodi,810,958,3,False,"Football referee⚽️🇮🇷
Born in the month of Aban🦂
Muay Thai favorite sport🥇🇱🇷",False,Gamer,+989033384816,,sarbaz228.vatan@gmail.com,,,,24,False,,,,False,98,
72150063195,metalink.international,Metalink International Ltd,51,200,2,False,Metalink International Ltd offers World-Class Real Estate Agency and Construction Services. Contact us at sales@metalinkintl.com or +254700471184.,True,Real Estate Agent,+254700471184,,sales@metalinkintl.com,00100,"Woodley Estate, Nairobi Area, Kenya",,30,False,,-1.28352,36.82379,False,254,
54344546343,moroccotravel_lovely,Rachid ha§ Morocco travel,606,1584,2,False,"✴️ tour planner  🇲🇦
Let’s see Morocco
Email : moroccotravellovely@gmail.com",True,Local service,+212600778698,Morocco,moroccotravellovely@gmail.com,50001,Marrakech,,88,False,https://moroccotravellovely.com,31.63383,-8.00222,False,212,
52530076537,seyed.mahdi.beyzavi,seyed.mahdi.beyzavi,40523,102,2,False,"(#بنام پدر)
اول منطق بعد احساس خانه ای که آجرش بر حسب احساس ساخته شده باشد ،هر لحظه درحال ویرانیست.",True,Video creator,+989368574742,,mohammadbeyzavi2@gmail.com,,,,9,False,,0.0,0.0,False,98,
64560898912,dzmayoral,مايورال DZ,11012,115,2,False,"Représente de la marque MAYORAL depuis 2010 en Algérie 
📍Park mall setif 
📍CCL esenia oran 
📍Blvrd ouled berahm setif
📍Garden city Alger  
0775464292",True,Clothing (Brand),+213775464292,,amine.mayoral@outlook.fr,,,,124,False,,0.0,0.0,False,213,
60523455323,jonhny55667788,Aiy Noy Ounalom,122,519,3,False,Hi🤗,False,Legal,+8562077799147,,jounalom@gmail.com,,,,52,False,http://www.domain.com,,,False,856,
56376167782,majedi922,ata,407,1372,2,False,به نام خدا که فقط او هست که راست میگه,True,"Beauty, cosmetic & personal care",+989183809376,,ayhft481@gmail.com,,,,33,False,,0.0,0.0,False,98,
68404636776,mmorteza45air,💘😔morteza.😔💔,52,207,3,False,دم تنهایی گرم که هیچ وقت مارو تنها نزاشت همیشه همجاگردنمون گرفت😔,False,Blogger,+989902057147,,mmortezaaalizadeh1358@gmail.com,,,,67,False,,,,False,98,
55533786408,reza._.tagipor,رضا تقی پور,405,2048,2,False,❤️❤️❤️😔😔🚥,True,Personal blog,+989356269758,,razar._.thanks@gm0ail.com,,,,14,False,,0.0,0.0,False,98,
16001100451,mohamadbeyzavi,mohamadbeyzavi,44,35,2,False,ما به کسی که حالمان را اندکی بفهمد جانمان را میدهیم! ️,True,Video creator,+989368574742,,mohammadbeyzavi2@gmail.com,,,,0,False,,0.0,0.0,False,98,
67173753237,rykhy2925,ملنگوک عمگین,45,233,2,False,Asdfg55,True,Photographer,+989330443659,,bamryywns605@gmail.com,,,,14,False,,0.0,0.0,False,98,
70005133606,manishkumar850232_____________,Manish Kumar,774,486,2,False,@manishkumar463178😈🖕💥➳♥,True,Artist,+919266279691,,manishjatav853202@gmail.com,,,,109,False,,0.0,0.0,False,91,
1736759445,basel.deep,Basel Deeb,201,408,3,False,الذاكرة لاتحتفظ بالوجوه بقدر ماتحتفظ بالمواقف,False,Digital creator,+963936901555,,basel008b@gmail.com,,,,9,False,,,,False,963,
70843405109,bas.thaweesri4,บาส  ทวีศรี,3,12,2,False,BAs,True,Musician/band,+66634251453,,apisit.thaweesri4@gmail.com,,,,6,False,,0.0,0.0,False,66,
69433108152,mhdi1381m.m,مهدی,272,1621,2,False,❤️❤️👑👑,True,Personal blog,+989913837950,,jamgwhrymhdy200@gmail.com,,,,17,False,,0.0,0.0,False,98,
62768659520,al.per1108hed,Aldper rBehrem,54,72,3,False,assnsjxsnnsuz@gtr44yt bu,False,Artist,,,alperpisik51@gmail.com,,,,222,False,,,,False,,
61743932994,mikala.muniya,"mikala, muniya@gticoma",328,929,3,False,जय जोहार जय आदिवासी,False,Artist,+919257513057,,mikalamuniya42@gmail.com,,,,303,False,https://amazingstudy.odaclass.com/best/bridge/topper?keyfrom=gg-oda-07-pmax01&campaignid=21129003045&campaignid=21129003045&gad_source=5&gclid=EAIaIQobChMI5Pv4yJeViAMVvRGDAx3KKwx,,,False,91,
55023682558,_rdx___hussain____100k__,"꧁・┆✦ʚ 𝙷𝚄𝚂𝚂𝙰𝙸𝙽 ♡ 
 ɞ✦ ┆・꧂",1805,426,3,False,"█│║▌║││█║💯 ViP Account ©
★》꧁☬⋆༒HUSSAIN⋆☬꧂
★》OWN RULS👑
★》Love 💓Mom&Dad💓
★》Hak Se Single 😌
★》💫Love To 💫
★》Wish Me On 21 November 🎂",False,Grocery Store,+919954498006,,hussailaskar77@gmail.com,,,,68,False,,,,False,91,
57926564061,nunuk686,Nunuk Parwati,10,24,2,False,Nunuk,True,Health/beauty,+6285389092859,desa jilatan alur  kec batu ampar kab tanah laut,nunukparwati468@gmail.com,70882,Banjarmasin,,2,False,,-3.97504,114.87712,False,62,
60000786296,hamidyosefi.2024,Hamid Yosefi,1450,7529,2,False,دنیاروطبق خواسته خودت بساز اینه برای دیگران نباش,True,Product/service,+17702555441,,yosefihamid95@gmail.com,,,,171,False,http://hhnet.uk/,0.0,0.0,False,1,
65846101085,shelley_redzproperties,Shelley Redz Real Estate Century City,41,57,2,False,"RESIDENT Real Estate agent - Century City, Sunset Beach & surrounds",True,Real Estate,+27724724142,Century City,shelley@redzproperties.co.za,7441,"Claremont, Cape Town",,4,False,,-33.8934,18.51422,False,27,
215086509,qatar585,Alhajri Motlaq,1381,392,2,False,".
Snabchat : q660a👻
‏All Pic By me 📷
.
+974 💞I
.هناك اشيآء لابد ان تبقى بالدآخل لايشملهآ قآنون الفضفضه💭💕
👌
[ ✨ ] 🎐",True,Personal blog,+14098880774,,qtr5613@hotmail.com,,,,226,False,https://qatar585.sarahah.com/,0.0,0.0,False,1,
51101503884,yaasar_hamidzai900,Yasar Hamidzai,247,2154,2,False,"@explore
#explore
#hashtag 
@afghanistan#kunduz 
#city#salaam#university 
@ghad.eri41 
#k #afghanistan 
@hashtagutdwomen
#kpop",True,Musician/band,+93747090076,,yasarhamidi100@gmail.com,,,,28,False,http://www.explore.co.uk/,0.0,0.0,False,93,
49622137720,avizhestudiio,art_home_avizheh,1602,1324,2,False,"پیمان کاظمی
آتلیه عکاسی آویژه کنگان
 |عکاسی|فیلمبرداری |آموزش
کارگردان ،گریمور،فیلمبردار
📸🎥
📱09170170628",True,Photographer,+989170170628,Iran,photo.avijhe@gmail.com,Kangan,Bushehr,,183,False,https://www.youtube.com/@avizhestudiio,28.96702,50.83841,False,98,
63173484777,shaxram2533,Waxram Davlatov,232,1204,3,False,Instinctive Pipe,False,Blogger,,,salimailyosova4015@gmail.com,,,,41,False,,,,False,,
51029876149,fiz_apartmares12345,Lisa Marlina,111,188,2,False,Wa : 087777713185 / tiktok / https://www.tiktok.com/@roomdia.96?_t=ZS-8u5itD3Fb2P&_r=1,True,Hotel & Lodging,+6287777713185,Jl Margonda Raya Kav 88 kemiri muka. kec beji 16423,Hotelmurahdepok@gmail.com,16435,"Depok Jaya, Jawa Barat, Indonesia",,175,False,https://sewaapartemendepok.com/,-6.38728,106.82738,False,62,
70510804199,fongnoon2000,ฟอง นุ่น น.,40,80,3,False,,False,Public figure,+66972063551,,fongnoon2543@gmail.com,,,,5,False,http://tiktok.com/@fongnoon2543,,,False,66,
6212908854,majid.amini2402,Majid Amini,9268,2075,2,False,"🌿🌾🌿
💞#دعای خیر فقط
ایشالا هیچوقت محتاج بنده‌ی خدا نشی
🤲
‌‎  ‎‌‌‎‌‌",True,Personal blog,+989103292164,,a39195186@gmail.com,,,,5,False,,0.0,0.0,False,98,
23099885529,bubamarong55,Buba Marong,561,1059,2,False,,True,Musician/band,+393284584157,,bubamarong55@gmail.com,,,,258,False,,0.0,0.0,False,39,
70852896565,soqoq_va_mador_kok_somsa,Mazzali tandir somsalar,66,55,2,False,"Манзил Сергили Чортоқ кўча.
Иш вақти
 7.00 дан
22.00 гача
Доставка учун рақам
☎️ (33) 330-97-77
☎️ (33) 334-97-77
☎️ (33) 335-97-77
локатция ⤵️",True,Restaurant,+998333359777,Узбекистан,bahodirhalilov836@gmail.com,100102,"Tashkent, Uzbekistan",,12,False,https://t.me/Soqoq_va_mador_kok_somsa,41.31438,69.28539,False,998,
69633270605,mah_an8124,asgar,180,75,2,False,سالارم,True,Personal blog,+989035753906,,ebrahimmohammadzade86@gmail.com,,,,22,False,,0.0,0.0,False,98,
49379330809,fadermastersradio,FMRADIO,72,118,2,False,"Broadcasting: Live DJ Sets, Mixtapes & Interviews",True,Radio station,+12095708107,,futureoctaverecords@gmail.com,,"San Joaquin, California",,169,False,https://fadermastersradio.mixlr.com/events/3885019,36.60725,-120.18831,False,1,
10189876532,ttechnation,Ttechnation,57,179,2,False,,True,,,mysore road banglore,ttechnation@gmail.com,560018,"Bangalore, India",,15,False,,12.96008,77.5567,False,,
65730053437,ktm_lovets_,Mashibur Shaikh,132,388,2,False,I am ❤️ ktm 🏍️ Lovers 💕,True,Artist,+917387382054,,mashiburshaikh@gmail.com,,,,24,False,,0.0,0.0,False,91,
51618548632,mohamad.kolaahdoz7164680,Mohamad.kolaahdoz7164680,2865,1822,2,False,"دگرررازوحشت مرررداب خودم دلگیرررم
مگذارید دگرررطله ای برررسرر راهم...
منکه بی طله در دااام خودم زنجیررررم.
🔥🔥🔥مجهزبه زرنگ یاب",True,Blogger,+49989157164680,,mohamadkolahdoz11111@gmail.com,,,,45,False,,0.0,0.0,False,,
1534278567,winnie_ad1532z,Winnie Liu白色時尚城堡 新娘秘書 新娘造型,2874,174,3,False,"招牌花飾品/皇冠/韓系的新娘整體造型
影片照片可以多參考IG和官網
➡️新娘化妝檔期填寫檔期詢問單
@https://reurl.cc/eGxjgx
➡️活動妝髮/個人寫真妝造填寫
#新娘秘書 #韓系妝容 #新秘 #化妝師 
官網winnieliu.tw",False,Makeup Artist,+886980193062,,ad1532z@yahoo.com.tw,,,,780,False,http://www.winnieliu.tw/,,,False,886,
56929161229,skyhouse.co.uk,Sky House Construction Limited,449,1157,2,False,"Sky House construction Limited is a construction company in London, specialised in high-end residential  and commercial projects.",True,Construction Company,+442031051126,,info@sky-house.co.uk,,"London, United Kingdom",,60,False,http://www.sky-house.co.uk,51.50643,-0.12719,False,44,
67892217864,manicbannockwithamber,Manic Bannock,82,113,2,False,"Indigenous kitchen queen 👑 | Bannock maker, tradition shaker | Rez raised, world amazed 🌎 | #ManicBannockWithAmber",True,Product/service,+12506096232,,a.christopher@live.com,,,,28,False,https://www.facebook.com/profile.php?id=61565511351772&mibextid=ZbWKwL,0.0,0.0,False,1,
62296657439,4378osman,Osman,374,2417,2,False,osman9980566@gimili.coome,True,Personal blog,+989159980566,,osman9980566@gmail.com,,,,178,False,,0.0,0.0,False,98,
2865153696,abdulloh_hlee,อับดุลเลาะ หลี,499,1617,3,False,รับรีวิวสินค้า โปรโมทสินค้า,False,Advertising/Marketing,+66618650867,,supachetdueramae@gmail.com,,,,440,False,,,,False,66,
64711060161,sqrlyhmdbd,صقر علي احمد عبد الكريم,1615,3993,3,False,#@#TikTokLIVE #,False,Musician/band,+967734360119,,mhmdmhmm740@gmail.com,,,,46,False,,,,False,967,
58202655796,kasht_hang_rouhani_agricultura,Safiullah Roohani,348,1072,3,False,Safiullah Roohani,False,Product/service,+93774916089,,Safiullhroohani48@gmail.com ,,,,22,False,https://websites.co.in/register-user/253626,,,False,93,
57697164170,vikash_bodana1_,vikash Bodana,149,632,2,False,,True,Gamer,,,bodanavikas99@gmail.com,,,,0,False,,0.0,0.0,False,,
53913319755,aprovaecards,Aprova E-cards,1269,114,2,False,"FlashCards e PDF'.
⚡️WhatsApp 11 95666-0708
💡“Esquecer é normal,revisar é necessário”
🎯 QUESTÕES DA PROVA ORAL DA PC SP",True,Education,,,contato@aprovaecards.com.br,,,,36,False,http://www.aprovaecards.com.br,0.0,0.0,False,,
68454439396,axmdjon______008,@A________008,919,54,2,False,@Axmadjonsku 008С̸а̸л̸о̸м̸ х̸у̸ш̸р̸у̸ч̸а̸а̸к̸ с̸о̸з̸и̸,True,Blogger,+992005994045,,ubajdulloevmuhammadi294@gmail.com,,,,18,False,,0.0,0.0,False,992,
59256800117,orlandofilmspecialists,Orlando Film Specialists,322,136,2,False,"🏡 Residential & Commercial Window Tinting Experts
☀️ Heat & UV Protection 
🌿 Energy Savings
🔒 Privacy & Security
💎 Improve Comfort & Aesthetics",True,Home Window Service,+14075424001,702 W Fairbanks ave,contact@orlandofilmspecialists.com,32789,"Winter Park, Florida",,18,True,http://orlandofilmspecialists.com,28.59298,-81.35805,False,1,
1438151566,delgado24alexa,Alexandra Delgado,251,356,3,False,Psicologo y Representante de Marketing dedicado a promover el bienestar.  ¡Contáctame para comenzar este viaje juntos 📲 +1(346)5564429,False,Digital creator,+13465564429,,psicoiniciativamoderna@gmail.com,,,,72,False,,,,False,1,
17457009371,playdesign_lab,PLAY DESIGN LAB by JAKUETS,832,53,3,False,"私たちは、より良いあそび環境を考える「あそびの研究所」です。
@jakuets",False,Playground,+81334453755,,playdesignlab@jakuetsu.co.jp,,,,69,False,http://www.playdesign-lab.com/,,,False,81,
62970186165,mohammad_88__s,Dnyy Send Code Agaim,52,27,3,False,#136#,False,Entrepreneur,,,mhmdrdashhswary497@gmail.com,,,,1,False,,,,False,,
62952656183,nestseekers.chanelle,Entrepreneur & Co Founder | Signature Division Nestseekers,252,1019,2,False,"Nestseekers Real Estate Consultant for everything Property.
Mortgage & Protection, Project Management 'Live the life you love'",True,Real Estate Agent,,,chanelle@nestseekers.com,,,,36,False,https://www.nestseekers.com/agent/chanelle-aristide,0.0,0.0,False,,
55606094475,i_am_back__pk,😈Umesh👿 baiga 😈,206,455,2,False,❤️i ❤️love  ❤️  my❤️ life ❤️,True,Artist,+918999346118,,umehs4489@gmail.com,,,,40,False,,0.0,0.0,False,91,
69297575417,mn77200mn,ام احمد,42,96,2,False,,True,Video creator,+966535040377,,shahrhsltan488@gmail.com,,,,0,False,,0.0,0.0,False,966,
44401717344,mjybmhmdy57,Mojib Mohamadi,454,2172,2,False,,True,Video creator,+989138035832,,mjybmhmdy57@gmail.com,qwett12345,Isfahan,,56,False,,32.6346,51.6537,False,98,
8367590928,tgully80,Nish’s,93,128,2,False,Business owner entrepreneur,True,Restaurant,+13149242093,,gully10@tritons.iowacentral.edu,,,,17,False,https://www.facebook.com/share/mibextid=LQQJ4d,0.0,0.0,False,1,
7302784015,saepa_babakre,Isse Babakri,1676,1354,2,False,"☀️بسم‌الله‌رحمان‌رحیم☀️
🪽نمایشگاه‌سایپا‌دیزل‌مهاباد🪽
💯خرید و فروش انواع ماشین های سواری،باری،حواله،و
🔊اعتماد‌ را از ما بخواهید🔊
☎۰۹۱۴۹۸۳۱۲۴۴☎️",True,Product/service,+989144812443,,ysybabkry@gmail.com,,,,86,False,,0.0,0.0,False,98,
47252607811,qy7aur,ali alsahoti,84,88,3,False,"﷽
‎ٱﻟﻌﻤﮍ:41 
@1m3b  @q83.q",False,Personal blog,+97477111776,,stop.rds@gmail.com,,,,1,True,,,,False,974,
10438980924,qy7ayr,qy7,32,45,2,False,,True,Personal blog,+97430599933,,stop.rds@gmail.com,,,,2,False,,0.0,0.0,False,974,
20209492866,punnawee.p01,ฟองเบียร์ คนใหม่,116,167,3,False,ฉันแค่กำลังใช้เวลากับตัวเอง👌✌️,False,Digital creator,+66960088394,,rakhaplam7@gmail.com,,,,583,False,,,,False,66,
57029349493,carbonfreefunding,Carbon Free Funding,688,2941,2,False,"We finance green energy upgrades, Hard money loans, Private money loans, and DSCR/NonQM.",True,Financial service,+19258770240,,ksmith@carbonfreefunding.com,,,,91,False,https://www.carbonfreefunding.com/,0.0,0.0,False,1,
64360295074,nallelyrojas23,Nallely Lujan,34,186,2,False,Anime dragon ball,True,Personal blog,+12137890156,,nallelyluja5@gmail.com,,,,30,False,,0.0,0.0,False,1,
8237333232,axeld2854_autoprestigio,AXEL DIAZ ASESOR DE VENTAS,1245,4397,2,False,"🏁Asesor de ventas @autoprestigiolacastellana 🏁Compramos y vendemos al instante, en tiempo récord.",True,Performance Vehicle Dealership,+584122997219,altamira,axeld954@gmail.com,1060,Miranda,,1136,False,,10.50698,-66.85071,False,58,
42323888699,candles.aaya1,Candles By Aaya,7124,586,2,False,"Candles By Aaya 🕯️🪔
افضل الشموع المعطرة 🕯️
متجرنا متخصص لشموع المعطرة ، التوزيعات ، الرخام 
الناصره / موجود توصيل لجميع المناطق 
الطلب :0509905674",True,Art,+972509905674,,Aayaborkan55@gmail.com,,,,451,False,http://www.tiktok.com/@aaya.shomar,0.0,0.0,False,972,
34594341856,its_matin__007,𝐌𝐀𝐓𝐈𝐍𝐒𝐔𝐌𝐑𝐀👑,1736,647,3,False,"🎯target 5k 🎯
Alhamdulillah for everything❤️
Lifeline mom, dad 🥰",False,Digital creator,,,matinsumra0@gmail.com,,,,173,False,https://youtube.com/@matinsumra?si=VOEImen-Fxc-G1lq,,,False,,
283067297,osteopaattiopiskelija_makela,Ilkka Mäkelä,1156,1186,3,False,"📌 Urheiluhieroja Ilkka Mäkelä
📌 Koulutettu Hieroja
📌 Ortopedisen osteopatian opiskelija 🥼🧬🩺
📌 @treenimesta Lahti",False,Entrepreneur,+358452596823,,ilkkamakela1983@gmail.com,,,,254,False,,,,False,358,
19388160985,asi_fashu,MD Asif Aashu,330,349,2,False,"❣️pRoUd tO Be MuSLiM❣️
❣️ALhUMdULiLLaH FoR eVeRyTiNg❣️ 
😎wHeN yOu BeLiEvE tHaT aLLhA sTaNd WiTh yOu.ThEn iT dOsEn'T mATTeR wHo sTaNd AgAiNsT yOu😎",True,Education,,,mdasifaashu1214@gmail.com,,,,44,False,,0.0,0.0,False,,
6703325099,merce_berball,Merce Bernal,1522,2039,3,False,✨DNM Juice Plus,False,Entrepreneur,+34626361291,,mercedesbernal97@gmail.com,,,,613,False,https://mb08970.juiceplus.com/,,,False,34,
59247813424,lj_rodservices,Louis Rodriguez   🇺🇸 🇨🇴 LJ - Rod Wash & Detailing,4093,184,2,False,"⭐️⭐️⭐️⭐️⭐️ GOOGLE RATING
📍Greater Orlando 
♠️System X Ceramic Certified Applicator
🟠Book⬇️ ✨High End Auto Detailing✨
🚗 Paint Correction ✨Tints",True,Auto Detailing Service,+14073601362,,louisbetorodri@gmail.com,,,,170,False,http://instagram.com/lj_rodservices,0.0,0.0,False,1,
59974840322,farha.dafghan,Afghan Afghani,198,2061,2,False,فرهاد,True,Artist,+989909911507,,farhadfarhad154873@gmail.com,,,,116,False,,0.0,0.0,False,98,
44470720205,zlatkakuzuasen12345,Asen Aleksandrov,1351,7491,2,False,не п-о-ф-т-о-р-м единствен 😎,True,Artist,+359895920102,,zlatkakuzuasen12345@gmail.com,,,,8,False,,0.0,0.0,False,359,
57121919821,jorayev.ssem,Jo'rayev 쌤,861,2356,2,False,"Topik I 
Overal :
200/168
  
도픽 2급",True,Personal blog,+998200071427,,xojiakbarjorayev98@gmail.com,,,,15,False,https://t.me/coder_jorayev,0.0,0.0,False,,
38501235968,texi990,جوري الجبوري,1619,5776,2,False,"تكسي مطار  بغداد الدولي لنقل المسافرين من والى المطار 
07733537209",True,Product/service,+17733537209,,ststa91@gmail.com,,,,139,False,,0.0,0.0,False,1,
27734681702,cbb.worlds,شبکه مجازی خدمات دریایی,23828,244,2,False,"آموزش علوم‌وفنون‌دریایی⚓️
کاریابی دریایی و تامین نیرو👨‍🏭
مدیریت حمل ونقل کالا🗺️
مشاوره شغلی تحصیلی👨🏻‍✈️",True,Shipping Supply & Service,+989021840444,,cbb.official.co@gmail.com,,,,71,False,https://t.me/CBBworldjob,0.0,0.0,False,98,
9405459869,g.alswuadi,غانم السويدي,265,1068,2,False,suaydi99,True,Performance & Event Venue,+971568484243,,blackhole-100027973934398-1535503073@devnull.facebook.com,,Sharjah,,31,False,,25.35287,55.39203,False,971,
63229513503,stellaswanofficial,Auer May,109,542,3,False,,False,Artist,,,crofiart@outlook.com,,,,0,False,,,,False,,
64277580300,mhmhmdy1070,محمد محمدی,1085,3627,2,False,,True,Gamer,+989172995297,,mmm271g@gmail.com,,,,1,False,,0.0,0.0,False,98,
2209088145,estelinha_sz,E S T E L A,32519,1388,3,False,"Artes cênicas🎭- UNICAMP🏫
Tiktok: estelinhasz (+170mil)
Se inscreva no meu canal (Estela Martins)🎥
Clique no link abaixo para ver meu portfólio🔗",False,Artist,+5511963735421,,estelamartinstrabalho@gmail.com,,,,144,False,https://www.canva.com/design/DAF72cZDocY/6j7bkLPsUsuyOj2aEJaHQQ/edit?utm_content=DAF72cZDocY&utm_campaign=designshare&utm_medium=link2&utm_source=sharebutton,,,False,55,
55578605843,abbas_atapoor2,عباس عطاپور,361,916,3,False,"زن.زندگی.آزادی
❤️👸💚🤴
مرد میهن  آبادی
@کیانپارس❤️💞
+989165828745",False,Blogger,+989165828745,,Abbasatapoor2@gmail.com,,,,1204,False,,,,False,98,
65226149172,aj9674074,Sana Saba,103,87,2,False,,True,Fashion Model,+923485926163,Qatar,aj9674074@gmail.com,,Doha,,7,False,,25.29424,51.51967,False,92,
65836866575,joy_tish__kum_5000k,🇲 🇧 🇪 🇼 🇦 🇫 🇦,1551,5405,2,False,"🇯‌🇴‌🇹‌🇷‌🇸‌🇭‌ 🇰‌꧁༒☬Ꭵ°᭄ᶫᵒᵛᵉᵧₒᵤ࿐♥ᵛ͢ᵎᵖ𝄟⏤ m✮͢🦋⃟
≛⃝🅺m …miss 𝄟you ⏤ ✮͢🦋⃟≛⃝🅺m ⚜️⃟🇵🇰i miss you ☣m✰🌷 … 𝄟✮͢🦋⃟≛⃝k𝄟✮⃝🇲 🍁⃝
◄ ■ █ 🇧 🇪 🇼 🇦 🇫",True,Clothing (Brand),+917975842609,,kumarjotish023@gmail.com,,,,405,False,http://gmail.com.joy/5000K,0.0,0.0,False,91,
61930134874,aguinaldo.kristian,Kristian Aguinaldo,11,29,3,False,,False,Public figure,+639773180017,,aguinaldok4.zendesk.com@gmail.com,,,,0,False,,,,False,63,
56163482688,ar.group.ads,Ar Group,1473,10,2,False,"‎بۆ کاری ڕیکلام و چاپ 
‎کوالیتی بەرز •
‎کەمترین نرخ •
‎بە زوترین کات•",True,Graphic Designer,+9647732141551,Sulaimanya'h,arinluqman088@gmail.com,46002,"As Sulaymaniyah, Iraq",,20,False,https://www.facebook.com/profile.php?id=100087936662712,35.56165,45.42852,False,964,
59544291275,farhad_gold.007,فرهاد رحمانپور,71,269,2,False,"Hello, I am Farhad 
From Iran, Tabriz 
.Wishing you all happiness and joy
این آدرس پیج اصلیمه farhad_turk.007@
شماره واتساپم 09338189394",True,Artist,+989338189394,pastor street,farhad.zapata63@gmail.com,5331961533,"Tabriz, Iran",,19,False,,38.0667,46.3,False,98,
1913083309,pk.9.99,ก้าน ชล ,1811,779,3,False,,False,Health/beauty,+66640370780,,wansaloem55150@gmail.cm,,,,88,False,https://www.facebook.com/wansaloem.suthamla,,,False,66,
52366856163,madeboss795,Tristen Jackson,262,811,3,False,"I'm Tristen I like reading fishing swimming working being a dad and grandfather, cooking cleaning traveling shopping video games etc",False,Personal blog,+18703084157,,tristenjackson795@gmail.com,,,,139,False,,,,False,1,
20766062565,dra_luciane_pirani,Luciane Pirani arcon,1440,3189,2,False,"Professora e Fisioterapeuta integrativa F-327039
▫️Ozonioterapia
▫️Aromaterapia 
▫️Bio ressonância quântica
▫️Rife detox - metais pesados",True,Digital creator,+5513991068601,,luciane_net@hotmail.com,,"Guarujá, Brazil",,240,False,,-23.99414,-46.25742,False,55,
17178245307,bereke_alqa_monshaq,BEREKE Алқа моншақтарт,326,39,2,False,Бесплатная доставка «до двери» при заказе от 3000тг по городу Алматы.    Весь товар имеется на складе в Алматы.,True,Accessories,+77476536162,,habulietishaniya@gmail.com,,,,37,False,https://www.instagram.com/bereke_designcenter/profilecard/?igsh=MWZkYmY5MmFobmYweA%253D%253D,0.0,0.0,False,7,
48668739292,royal_ff_7412,Babu Gaming,57,102,2,False,@ Sindhora Bajar Varanasi,True,Video creator,+916386929370,Sindhora Bajar,vishalrajbhar9397@gmail.com,221208,"Varanasi, Orissa, India",,6,False,,25.53594,82.93553,False,91,
45145177505,ajornamayehashemi,محمد هاشمی,4857,6427,2,False,"تولید کننده💥🎖
آجر نما نسوز🧱  آجر نماسنتی 🧱مدرن کلاسیک 
آجر لعابدار 🟦کاشی سرامیک لعابدار🟩 
مدیریت کل هاشمی تهران 
 0098🇮🇷9371510123
09102243163",True,Shopping & retail,,,afshinhashemi924@gmail.com,,,,1619,False,,0.0,0.0,False,,
60770887668,alir.ezanayeri,,823,1590,2,False,"کبوتران اسمانی عزیزان این پیج دوم هست پیج اولم از دسترسم خارج شد 
کبوتربلند پروازپاکستانی وایرانی حاسله زحمت عمریست هرعزیزیپسندکرددایرکت",True,Business service,+989180549972,,raminkhoshabi3231@gmail.com,,,,38,False,,0.0,0.0,False,98,
51814975871,thechase.ru,The Chase Bar & Restaurant,1048,115,2,False,"Lounge,
Restaurant ,
Bar,
Entertainment and
Event management",True,Adult Entertainment Club,+264812751341,Maria Mwengere Road,davidtuhafeni3664@gmail.com,,"Rundu, Namibia",,98,False,,-17.91124,19.77125,False,264,
59106856926,chanasrodas,Rodas Ivan,19,86,3,False,1997,False,Personal blog,+50236950852,,jonachanas4@gmail.com,,,,12,False,,,,False,502,
64156757096,fariyafarjana2024,অভিমানী নিয়তি,47,288,3,False,I like to smartnes but don't like to over smart,False,Personal blog,+8801911060629,,fariyafarjanafariya@gmail.com,,,,33,False,https://www.facebook.com/profile.php?id=100003782619907&mibextid=ZbWKwL,,,False,880,
62369762797,mojahed_kaabi,هیراد کعبی,950,1927,2,False,الحمدلله علی کل حال🙏,True,Restaurant,+989388018130,,hiradkaabi@gmail.com,,,,15,False,,0.0,0.0,False,98,
63560786361,sanaye_chobi_ballot,صنایع چوبی بلوط,857,883,2,False,"تولید و پخش انواع مبلمان راحتی
تولید و توزیع نهار خوری در ابعاد مختلف
طراحی انواع مدل مبلمان، جلو مبلی و عسلی",True,Furniture store,+989301857707,,reza28777@gmail.com,,,,108,False,,0.0,0.0,False,98,
4236525338,mohsen.sharafi1360,Mohsen Sharafi,346,988,3,False,,False,Product/service,+989160626892,,mohsen.sh13600@gmail.com,,,,854,False,,,,False,98,
48752861396,varios_acessorios1,Multicoisas by G.F,2828,307,3,False,https://variosaacessorios2023.my.canva.site/varios-acessorios-vendas-online,False,Shopping & retail,+244916052747,,gracinda_ferreira@hotmail.com,,,,3170,False,https://www.chatbase.co/chatbot-iframe/QgWbTU10uGNih1S9fXyvP,,,False,244,
